step,m_k0,m_k1,m_k2
0,-0.010517,0.002403,0.010898
1,-0.010028,0.002291,0.010392
2,-0.009564,0.002185,0.009910
3,-0.009122,0.002084,0.009452
4,-0.008701,0.001988,0.009016
5,-0.008301,0.001897,0.008602
6,-0.007921,0.001810,0.008208
7,-0.007559,0.001727,0.007833
8,-0.007215,0.001648,0.007476
9,-0.006887,0.001574,0.007137
10,-0.011003,0.002533,0.011371
11,-0.010514,0.002421,0.010866
12,-0.010049,0.002313,0.010385
13,-0.009607,0.002212,0.009928
14,-0.009186,0.002115,0.009493
15,-0.008786,0.002022,0.009079
16,-0.008405,0.001935,0.008686
17,-0.008043,0.001851,0.008311
18,-0.007698,0.001772,0.007955
19,-0.007370,0.001696,0.007617
20,-0.011448,0.002625,0.011852
21,-0.010959,0.002513,0.011346
22,-0.010494,0.002406,0.010865
23,-0.010052,0.002305,0.010407
24,-0.009632,0.002208,0.009972
25,-0.009232,0.002117,0.009558
26,-0.008851,0.002029,0.009164
27,-0.008489,0.001946,0.008789
28,-0.008145,0.001867,0.008432
29,-0.007817,0.001792,0.008093
30,-0.011875,0.002722,0.012299
31,-0.011387,0.002610,0.011793
32,-0.010922,0.002503,0.011312
33,-0.010480,0.002402,0.010854
34,-0.010059,0.002306,0.010418
35,-0.009659,0.002214,0.010004
36,-0.009279,0.002127,0.009610
37,-0.008917,0.002044,0.009235
38,-0.008573,0.001965,0.008879
39,-0.008245,0.001890,0.008539
40,-0.012277,0.002804,0.012732
41,-0.011789,0.002693,0.012225
42,-0.011325,0.002587,0.011744
43,-0.010883,0.002486,0.011285
44,-0.010463,0.002390,0.010849
45,-0.010063,0.002299,0.010435
46,-0.009683,0.002212,0.010040
47,-0.009321,0.002129,0.009665
48,-0.008977,0.002051,0.009308
49,-0.008650,0.001976,0.008969
50,-0.012670,0.002904,0.013126
51,-0.012182,0.002792,0.012620
52,-0.011717,0.002685,0.012139
53,-0.011275,0.002584,0.011681
54,-0.010855,0.002487,0.011245
55,-0.010455,0.002396,0.010831
56,-0.010074,0.002309,0.010436
57,-0.009712,0.002226,0.010062
58,-0.009368,0.002147,0.009705
59,-0.009041,0.002072,0.009366
60,-0.013050,0.003010,0.013489
61,-0.012561,0.002897,0.012984
62,-0.012096,0.002789,0.012503
63,-0.011653,0.002687,0.012046
64,-0.011232,0.002590,0.011611
65,-0.010832,0.002497,0.011197
66,-0.010451,0.002409,0.010804
67,-0.010089,0.002326,0.010429
68,-0.009744,0.002246,0.010073
69,-0.009416,0.002170,0.009735
70,-0.013383,0.003058,0.013882
71,-0.012895,0.002947,0.013375
72,-0.012431,0.002841,0.012893
73,-0.011989,0.002740,0.012435
74,-0.011568,0.002644,0.011999
75,-0.011169,0.002553,0.011584
76,-0.010788,0.002466,0.011189
77,-0.010427,0.002383,0.010814
78,-0.010083,0.002305,0.010457
79,-0.009755,0.002230,0.010117
80,-0.013715,0.003133,0.014226
81,-0.013226,0.003022,0.013720
82,-0.012762,0.002916,0.013238
83,-0.012320,0.002815,0.012779
84,-0.011900,0.002719,0.012343
85,-0.011500,0.002628,0.011928
86,-0.011120,0.002541,0.011534
87,-0.010758,0.002458,0.011158
88,-0.010414,0.002380,0.010801
89,-0.010087,0.002305,0.010462
90,-0.014034,0.003215,0.014545
91,-0.013546,0.003103,0.014039
92,-0.013081,0.002997,0.013557
93,-0.012639,0.002896,0.013099
94,-0.012219,0.002799,0.012663
95,-0.011819,0.002708,0.012249
96,-0.011439,0.002621,0.011855
97,-0.011077,0.002538,0.011480
98,-0.010733,0.002459,0.011123
99,-0.010405,0.002384,0.010783
100,-0.014329,0.003273,0.014867
101,-0.013841,0.003162,0.014361
102,-0.013376,0.003056,0.013878
103,-0.012935,0.002955,0.013420
104,-0.012514,0.002859,0.012984
105,-0.012115,0.002768,0.012569
106,-0.011734,0.002681,0.012174
107,-0.011373,0.002599,0.011799
108,-0.011029,0.002520,0.011441
109,-0.010701,0.002445,0.011102
110,-0.014619,0.003349,0.015153
111,-0.014131,0.003237,0.014647
112,-0.013666,0.003130,0.014165
113,-0.013224,0.003029,0.013707
114,-0.012804,0.002933,0.013271
115,-0.012404,0.002841,0.012857
116,-0.012023,0.002754,0.012462
117,-0.011661,0.002671,0.012087
118,-0.011317,0.002592,0.011730
119,-0.010990,0.002517,0.011391
120,-0.014895,0.003421,0.015426
121,-0.014406,0.003309,0.014920
122,-0.013941,0.003202,0.014438
123,-0.013499,0.003100,0.013981
124,-0.013078,0.003004,0.013545
125,-0.012678,0.002912,0.013131
126,-0.012298,0.002824,0.012737
127,-0.011936,0.002741,0.012362
128,-0.011591,0.002662,0.012005
129,-0.011264,0.002586,0.011666
130,-0.015140,0.003458,0.015714
131,-0.014652,0.003347,0.015207
132,-0.014188,0.003241,0.014725
133,-0.013746,0.003140,0.014266
134,-0.013326,0.003044,0.013830
135,-0.012926,0.002953,0.013415
136,-0.012546,0.002867,0.013020
137,-0.012184,0.002784,0.012644
138,-0.011840,0.002706,0.012287
139,-0.011513,0.002631,0.011947
140,-0.015383,0.003513,0.015969
141,-0.014895,0.003402,0.015462
142,-0.014431,0.003296,0.014980
143,-0.013989,0.003195,0.014521
144,-0.013569,0.003099,0.014085
145,-0.013169,0.003008,0.013670
146,-0.012789,0.002922,0.013275
147,-0.012428,0.002839,0.012899
148,-0.012084,0.002761,0.012542
149,-0.011757,0.002686,0.012202
150,-0.016108,0.004534,0.015484
151,-0.015597,0.004378,0.015010
152,-0.015111,0.004229,0.014560
153,-0.014649,0.004088,0.014132
154,-0.014209,0.003953,0.013724
155,-0.013791,0.003825,0.013337
156,-0.013393,0.003704,0.012968
157,-0.013014,0.003588,0.012618
158,-0.012654,0.003478,0.012284
159,-0.012311,0.003373,0.011967
160,-0.015841,0.003647,0.016477
161,-0.015353,0.003536,0.015966
162,-0.014890,0.003431,0.015481
163,-0.014449,0.003331,0.015019
164,-0.014029,0.003236,0.014580
165,-0.013630,0.003145,0.014162
166,-0.013251,0.003059,0.013765
167,-0.012890,0.002977,0.013387
168,-0.012546,0.002899,0.013027
169,-0.012220,0.002824,0.012685
170,-0.016049,0.003696,0.016613
171,-0.015562,0.003585,0.016107
172,-0.015098,0.003479,0.015625
173,-0.014657,0.003379,0.015167
174,-0.014238,0.003283,0.014731
175,-0.013839,0.003193,0.014317
176,-0.013459,0.003106,0.013923
177,-0.013098,0.003024,0.013547
178,-0.012755,0.002946,0.013191
179,-0.012428,0.002872,0.012851
180,-0.016247,0.003740,0.016784
181,-0.015760,0.003629,0.016279
182,-0.015296,0.003524,0.015799
183,-0.014855,0.003423,0.015343
184,-0.014436,0.003328,0.014908
185,-0.014036,0.003237,0.014495
186,-0.013657,0.003150,0.014102
187,-0.013296,0.003068,0.013728
188,-0.012952,0.002990,0.013373
189,-0.012626,0.002916,0.013035
190,-0.016440,0.003785,0.016975
191,-0.015952,0.003673,0.016471
192,-0.015488,0.003568,0.015991
193,-0.015047,0.003467,0.015534
194,-0.014627,0.003371,0.015100
195,-0.014228,0.003280,0.014687
196,-0.013848,0.003194,0.014295
197,-0.013487,0.003111,0.013921
198,-0.013143,0.003033,0.013565
199,-0.012816,0.002958,0.013227
200,-0.016640,0.003866,0.017120
201,-0.016152,0.003753,0.016618
202,-0.015687,0.003645,0.016140
203,-0.015244,0.003543,0.015685
204,-0.014824,0.003445,0.015253
205,-0.014424,0.003353,0.014841
206,-0.014043,0.003265,0.014450
207,-0.013681,0.003181,0.014077
208,-0.013336,0.003101,0.013723
209,-0.013009,0.003025,0.013386
210,-0.016805,0.003894,0.017303
211,-0.016316,0.003781,0.016800
212,-0.015852,0.003674,0.016321
213,-0.015410,0.003572,0.015866
214,-0.014989,0.003475,0.015434
215,-0.014589,0.003383,0.015022
216,-0.014209,0.003295,0.014630
217,-0.013847,0.003212,0.014258
218,-0.013503,0.003132,0.013903
219,-0.013175,0.003057,0.013566
220,-0.016976,0.003951,0.017458
221,-0.016487,0.003837,0.016956
222,-0.016022,0.003729,0.016478
223,-0.015580,0.003626,0.016023
224,-0.015159,0.003529,0.015591
225,-0.014759,0.003436,0.015180
226,-0.014378,0.003347,0.014788
227,-0.014016,0.003263,0.014416
228,-0.013671,0.003183,0.014062
229,-0.013343,0.003107,0.013725
230,-0.017100,0.003931,0.017672
231,-0.016613,0.003820,0.017167
232,-0.016149,0.003715,0.016686
233,-0.015708,0.003614,0.016229
234,-0.015288,0.003519,0.015795
235,-0.014889,0.003428,0.015381
236,-0.014509,0.003341,0.014988
237,-0.014148,0.003259,0.014614
238,-0.013804,0.003181,0.014258
239,-0.013478,0.003106,0.013919
240,-0.017245,0.003963,0.017819
241,-0.016757,0.003851,0.017314
242,-0.016293,0.003746,0.016834
243,-0.015852,0.003645,0.016377
244,-0.015433,0.003550,0.015943
245,-0.015033,0.003459,0.015529
246,-0.014654,0.003372,0.015136
247,-0.014292,0.003290,0.014762
248,-0.013949,0.003212,0.014407
249,-0.013622,0.003137,0.014068
250,-0.017405,0.004035,0.017929
251,-0.016916,0.003922,0.017426
252,-0.016451,0.003814,0.016947
253,-0.016009,0.003712,0.016492
254,-0.015589,0.003615,0.016059
255,-0.015189,0.003522,0.015647
256,-0.014808,0.003434,0.015255
257,-0.014446,0.003350,0.014882
258,-0.014102,0.003271,0.014527
259,-0.013774,0.003195,0.014190
260,-0.017514,0.004022,0.018101
261,-0.017027,0.003911,0.017596
262,-0.016563,0.003806,0.017116
263,-0.016122,0.003705,0.016659
264,-0.015702,0.003610,0.016225
265,-0.015303,0.003519,0.015811
266,-0.014923,0.003432,0.015418
267,-0.014562,0.003350,0.015044
268,-0.014218,0.003272,0.014688
269,-0.013891,0.003197,0.014350
270,-0.017641,0.004051,0.018231
271,-0.017153,0.003940,0.017726
272,-0.016689,0.003834,0.017246
273,-0.016248,0.003733,0.016789
274,-0.015828,0.003638,0.016355
275,-0.015429,0.003547,0.015941
276,-0.015049,0.003460,0.015548
277,-0.014688,0.003378,0.015174
278,-0.014344,0.003299,0.014818
279,-0.014017,0.003225,0.014480
280,-0.017759,0.004076,0.018354
281,-0.017271,0.003965,0.017849
282,-0.016807,0.003859,0.017369
283,-0.016366,0.003759,0.016912
284,-0.015946,0.003663,0.016477
285,-0.015547,0.003572,0.016064
286,-0.015167,0.003486,0.015671
287,-0.014806,0.003403,0.015297
288,-0.014462,0.003325,0.014941
289,-0.014135,0.003250,0.014603
290,-0.017871,0.004100,0.018470
291,-0.017383,0.003989,0.017965
292,-0.016919,0.003884,0.017485
293,-0.016478,0.003783,0.017028
294,-0.016058,0.003687,0.016594
295,-0.015659,0.003596,0.016181
296,-0.015279,0.003510,0.015788
297,-0.014918,0.003427,0.015414
298,-0.014574,0.003349,0.015058
299,-0.014247,0.003274,0.014719
300,-0.018870,0.005882,0.017310
301,-0.018341,0.005689,0.016864
302,-0.017837,0.005505,0.016440
303,-0.017359,0.005331,0.016037
304,-0.016903,0.005165,0.015653
305,-0.016470,0.005007,0.015288
306,-0.016058,0.004857,0.014941
307,-0.015666,0.004714,0.014611
308,-0.015293,0.004578,0.014297
309,-0.014938,0.004449,0.013998
310,-0.018080,0.004197,0.018745
311,-0.017595,0.004087,0.018235
312,-0.017132,0.003983,0.017749
313,-0.016693,0.003883,0.017288
314,-0.016274,0.003789,0.016849
315,-0.015877,0.003699,0.016431
316,-0.015498,0.003613,0.016034
317,-0.015138,0.003532,0.015656
318,-0.014796,0.003454,0.015296
319,-0.014470,0.003381,0.014954
320,-0.018179,0.004222,0.018711
321,-0.017693,0.004111,0.018208
322,-0.017230,0.004006,0.017729
323,-0.016790,0.003907,0.017273
324,-0.016372,0.003812,0.016840
325,-0.015974,0.003721,0.016428
326,-0.015595,0.003635,0.016035
327,-0.015235,0.003554,0.015662
328,-0.014892,0.003476,0.015308
329,-0.014566,0.003402,0.014970
330,-0.018288,0.004278,0.018773
331,-0.017801,0.004165,0.018271
332,-0.017338,0.004059,0.017794
333,-0.016897,0.003957,0.017340
334,-0.016477,0.003861,0.016908
335,-0.016079,0.003769,0.016497
336,-0.015699,0.003681,0.016106
337,-0.015338,0.003598,0.015734
338,-0.014995,0.003519,0.015380
339,-0.014668,0.003444,0.015044
340,-0.018483,0.004500,0.018704
341,-0.017991,0.004379,0.018209
342,-0.017523,0.004263,0.017739
343,-0.017077,0.004153,0.017291
344,-0.016654,0.004048,0.016866
345,-0.016250,0.003948,0.016461
346,-0.015867,0.003853,0.016076
347,-0.015502,0.003763,0.015710
348,-0.015155,0.003677,0.015361
349,-0.014825,0.003595,0.015030
350,-0.018480,0.004353,0.018973
351,-0.017992,0.004239,0.018469
352,-0.017527,0.004131,0.017991
353,-0.017086,0.004028,0.017535
354,-0.016665,0.003930,0.017102
355,-0.016266,0.003837,0.016690
356,-0.015885,0.003748,0.016298
357,-0.015524,0.003664,0.015925
358,-0.015180,0.003583,0.015570
359,-0.014853,0.003507,0.015233
360,-0.018580,0.004412,0.019034
361,-0.018090,0.004296,0.018532
362,-0.017625,0.004186,0.018054
363,-0.017182,0.004081,0.017600
364,-0.016761,0.003981,0.017167
365,-0.016361,0.003886,0.016756
366,-0.015980,0.003796,0.016365
367,-0.015617,0.003710,0.015993
368,-0.015272,0.003629,0.015639
369,-0.014944,0.003551,0.015302
370,-0.018636,0.004396,0.019159
371,-0.018148,0.004282,0.018655
372,-0.017683,0.004173,0.018175
373,-0.017241,0.004070,0.017719
374,-0.016821,0.003971,0.017284
375,-0.016421,0.003878,0.016871
376,-0.016041,0.003789,0.016478
377,-0.015679,0.003704,0.016105
378,-0.015335,0.003623,0.015749
379,-0.015007,0.003547,0.015411
380,-0.018671,0.004343,0.019312
381,-0.018184,0.004232,0.018804
382,-0.017721,0.004126,0.018320
383,-0.017280,0.004026,0.017861
384,-0.016861,0.003930,0.017423
385,-0.016463,0.003839,0.017008
386,-0.016084,0.003752,0.016612
387,-0.015723,0.003670,0.016236
388,-0.015380,0.003592,0.015878
389,-0.015054,0.003517,0.015537
390,-0.018799,0.004477,0.019289
391,-0.018309,0.004360,0.018785
392,-0.017843,0.004249,0.018307
393,-0.017400,0.004143,0.017851
394,-0.016979,0.004043,0.017418
395,-0.016578,0.003947,0.017006
396,-0.016196,0.003856,0.016614
397,-0.015833,0.003769,0.016241
398,-0.015488,0.003687,0.015886
399,-0.015160,0.003609,0.015548
400,-0.018787,0.004346,0.019501
401,-0.018301,0.004236,0.018990
402,-0.017838,0.004131,0.018505
403,-0.017399,0.004031,0.018044
404,-0.016980,0.003937,0.017605
405,-0.016582,0.003847,0.017187
406,-0.016203,0.003761,0.016790
407,-0.015843,0.003679,0.016412
408,-0.015500,0.003602,0.016052
409,-0.015174,0.003528,0.015710
410,-0.018853,0.004367,0.019567
411,-0.018366,0.004256,0.019057
412,-0.017903,0.004151,0.018572
413,-0.017463,0.004051,0.018111
414,-0.017044,0.003955,0.017672
415,-0.016646,0.003865,0.017254
416,-0.016267,0.003779,0.016857
417,-0.015906,0.003697,0.016479
418,-0.015563,0.003619,0.016120
419,-0.015237,0.003545,0.015778
420,-0.018901,0.004363,0.019641
421,-0.018415,0.004253,0.019131
422,-0.017952,0.004148,0.018645
423,-0.017512,0.004049,0.018184
424,-0.017094,0.003954,0.017745
425,-0.016695,0.003864,0.017327
426,-0.016317,0.003778,0.016929
427,-0.015957,0.003697,0.016551
428,-0.015614,0.003619,0.016192
429,-0.015288,0.003545,0.015850
430,-0.018955,0.004372,0.019705
431,-0.018468,0.004262,0.019195
432,-0.018006,0.004157,0.018710
433,-0.017566,0.004057,0.018248
434,-0.017147,0.003963,0.017809
435,-0.016749,0.003872,0.017391
436,-0.016370,0.003787,0.016994
437,-0.016010,0.003705,0.016616
438,-0.015667,0.003627,0.016256
439,-0.015341,0.003554,0.015914
440,-0.019004,0.004379,0.019764
441,-0.018518,0.004269,0.019254
442,-0.018055,0.004165,0.018768
443,-0.017615,0.004065,0.018307
444,-0.017197,0.003970,0.017868
445,-0.016799,0.003880,0.017450
446,-0.016420,0.003794,0.017053
447,-0.016059,0.003712,0.016675
448,-0.015717,0.003635,0.016315
449,-0.015391,0.003561,0.015974
450,-0.019082,0.004444,0.019771
451,-0.018594,0.004331,0.019264
452,-0.018130,0.004224,0.018781
453,-0.017689,0.004122,0.018321
454,-0.017269,0.004025,0.017884
455,-0.016869,0.003932,0.017468
456,-0.016490,0.003844,0.017073
457,-0.016128,0.003761,0.016697
458,-0.015784,0.003681,0.016339
459,-0.015457,0.003606,0.015999
460,-0.019097,0.004395,0.019880
461,-0.018610,0.004284,0.019370
462,-0.018148,0.004180,0.018884
463,-0.017708,0.004080,0.018422
464,-0.017289,0.003985,0.017983
465,-0.016891,0.003895,0.017565
466,-0.016512,0.003809,0.017168
467,-0.016152,0.003728,0.016790
468,-0.015809,0.003650,0.016430
469,-0.015483,0.003576,0.016088
470,-0.019139,0.004401,0.019929
471,-0.018653,0.004291,0.019419
472,-0.018190,0.004186,0.018933
473,-0.017750,0.004087,0.018472
474,-0.017332,0.003992,0.018033
475,-0.016933,0.003902,0.017615
476,-0.016555,0.003816,0.017218
477,-0.016194,0.003734,0.016840
478,-0.015852,0.003657,0.016480
479,-0.015526,0.003583,0.016138
480,-0.019180,0.004407,0.019977
481,-0.018693,0.004297,0.019466
482,-0.018231,0.004192,0.018981
483,-0.017791,0.004093,0.018520
484,-0.017372,0.003998,0.018081
485,-0.016974,0.003908,0.017663
486,-0.016595,0.003822,0.017266
487,-0.016235,0.003740,0.016888
488,-0.015892,0.003663,0.016528
489,-0.015566,0.003589,0.016186
490,-0.019231,0.004436,0.020007
491,-0.018744,0.004325,0.019498
492,-0.018281,0.004219,0.019013
493,-0.017840,0.004118,0.018552
494,-0.017421,0.004023,0.018114
495,-0.017022,0.003932,0.017697
496,-0.016643,0.003845,0.017300
497,-0.016282,0.003763,0.016923
498,-0.015939,0.003684,0.016564
499,-0.015613,0.003610,0.016222
500,-0.019255,0.004419,0.020066
501,-0.018769,0.004309,0.019556
502,-0.018306,0.004204,0.019071
503,-0.017866,0.004104,0.018609
504,-0.017447,0.004010,0.018170
505,-0.017049,0.003919,0.017752
506,-0.016670,0.003834,0.017355
507,-0.016310,0.003752,0.016977
508,-0.015967,0.003674,0.016618
509,-0.015641,0.003601,0.016276
510,-0.019290,0.004424,0.020104
511,-0.018804,0.004314,0.019594
512,-0.018341,0.004209,0.019109
513,-0.017901,0.004110,0.018648
514,-0.017482,0.004015,0.018209
515,-0.017084,0.003925,0.017791
516,-0.016705,0.003839,0.017394
517,-0.016345,0.003757,0.017017
518,-0.016002,0.003680,0.016657
519,-0.015676,0.003606,0.016316
520,-0.019357,0.004497,0.020089
521,-0.018869,0.004383,0.019581
522,-0.018405,0.004275,0.019099
523,-0.017964,0.004173,0.018640
524,-0.017544,0.004075,0.018203
525,-0.017144,0.003983,0.017788
526,-0.016764,0.003894,0.017393
527,-0.016403,0.003810,0.017017
528,-0.016059,0.003731,0.016660
529,-0.015732,0.003655,0.016320
530,-0.019355,0.004436,0.020190
531,-0.018868,0.004326,0.019679
532,-0.018406,0.004221,0.019194
533,-0.017966,0.004121,0.018732
534,-0.017547,0.004026,0.018293
535,-0.017149,0.003936,0.017875
536,-0.016770,0.003850,0.017478
537,-0.016410,0.003769,0.017100
538,-0.016067,0.003691,0.016740
539,-0.015741,0.003617,0.016398
540,-0.019397,0.004463,0.020204
541,-0.018910,0.004352,0.019695
542,-0.018447,0.004246,0.019210
543,-0.018006,0.004145,0.018750
544,-0.017587,0.004050,0.018311
545,-0.017188,0.003959,0.017894
546,-0.016809,0.003872,0.017498
547,-0.016448,0.003790,0.017120
548,-0.016105,0.003711,0.016762
549,-0.015779,0.003637,0.016420
550,-0.019412,0.004444,0.020255
551,-0.018926,0.004334,0.019745
552,-0.018463,0.004229,0.019260
553,-0.018023,0.004130,0.018798
554,-0.017604,0.004035,0.018359
555,-0.017206,0.003945,0.017942
556,-0.016828,0.003859,0.017544
557,-0.016467,0.003778,0.017167
558,-0.016125,0.003700,0.016807
559,-0.015799,0.003626,0.016465
560,-0.019437,0.004447,0.020282
561,-0.018951,0.004337,0.019772
562,-0.018488,0.004232,0.019288
563,-0.018048,0.004133,0.018826
564,-0.017630,0.004038,0.018388
565,-0.017232,0.003948,0.017970
566,-0.016853,0.003862,0.017573
567,-0.016493,0.003781,0.017195
568,-0.016150,0.003703,0.016836
569,-0.015824,0.003629,0.016495
570,-0.019485,0.004495,0.020279
571,-0.018998,0.004383,0.019771
572,-0.018534,0.004277,0.019287
573,-0.018094,0.004175,0.018827
574,-0.017674,0.004079,0.018390
575,-0.017275,0.003987,0.017974
576,-0.016896,0.003899,0.017578
577,-0.016535,0.003816,0.017202
578,-0.016191,0.003737,0.016844
579,-0.015865,0.003662,0.016503
580,-0.019498,0.004478,0.020331
581,-0.019011,0.004367,0.019822
582,-0.018548,0.004261,0.019337
583,-0.018108,0.004160,0.018876
584,-0.017689,0.004065,0.018438
585,-0.017290,0.003974,0.018021
586,-0.016911,0.003887,0.017624
587,-0.016551,0.003805,0.017247
588,-0.016208,0.003727,0.016888
589,-0.015882,0.003652,0.016547
590,-0.019509,0.004458,0.020376
591,-0.019023,0.004348,0.019866
592,-0.018560,0.004244,0.019381
593,-0.018120,0.004144,0.018919
594,-0.017702,0.004049,0.018480
595,-0.017304,0.003959,0.018063
596,-0.016925,0.003874,0.017665
597,-0.016565,0.003792,0.017288
598,-0.016222,0.003715,0.016928
599,-0.015896,0.003641,0.016586
600,-0.020719,0.006778,0.018748
601,-0.020177,0.006560,0.018315
602,-0.019662,0.006353,0.017903
603,-0.019173,0.006156,0.017511
604,-0.018707,0.005969,0.017138
605,-0.018263,0.005791,0.016783
606,-0.017842,0.005621,0.016446
607,-0.017441,0.005460,0.016125
608,-0.017059,0.005307,0.015820
609,-0.016696,0.005161,0.015529
610,-0.019574,0.004544,0.020518
611,-0.019090,0.004436,0.020000
612,-0.018628,0.004332,0.019508
613,-0.018190,0.004233,0.019039
614,-0.017773,0.004140,0.018594
615,-0.017376,0.004051,0.018170
616,-0.016998,0.003966,0.017767
617,-0.016639,0.003885,0.017383
618,-0.016297,0.003808,0.017018
619,-0.015972,0.003735,0.016671
620,-0.019600,0.004554,0.020362
621,-0.019115,0.004444,0.019853
622,-0.018653,0.004340,0.019369
623,-0.018214,0.004241,0.018909
624,-0.017797,0.004147,0.018471
625,-0.017399,0.004057,0.018054
626,-0.017021,0.003972,0.017658
627,-0.016662,0.003891,0.017281
628,-0.016320,0.003813,0.016923
629,-0.015995,0.003740,0.016582
630,-0.019618,0.004554,0.020331
631,-0.019132,0.004445,0.019825
632,-0.018671,0.004340,0.019343
633,-0.018231,0.004241,0.018885
634,-0.017814,0.004147,0.018449
635,-0.017416,0.004057,0.018035
636,-0.017038,0.003971,0.017641
637,-0.016679,0.003890,0.017266
638,-0.016337,0.003813,0.016909
639,-0.016011,0.003739,0.016570
640,-0.019638,0.004563,0.020341
641,-0.019152,0.004452,0.019835
642,-0.018690,0.004348,0.019354
643,-0.018251,0.004248,0.018897
644,-0.017833,0.004153,0.018461
645,-0.017435,0.004063,0.018047
646,-0.017057,0.003977,0.017654
647,-0.016697,0.003895,0.017279
648,-0.016355,0.003818,0.016923
649,-0.016030,0.003744,0.016584
650,-0.019645,0.004549,0.020368
651,-0.019160,0.004439,0.019862
652,-0.018698,0.004335,0.019381
653,-0.018259,0.004236,0.018923
654,-0.017841,0.004141,0.018487
655,-0.017444,0.004052,0.018073
656,-0.017066,0.003966,0.017679
657,-0.016706,0.003885,0.017304
658,-0.016364,0.003808,0.016947
659,-0.016039,0.003734,0.016608
660,-0.019657,0.004546,0.020385
661,-0.019171,0.004436,0.019879
662,-0.018710,0.004332,0.019398
663,-0.018271,0.004233,0.018940
664,-0.017853,0.004138,0.018505
665,-0.017456,0.004048,0.018091
666,-0.017078,0.003963,0.017697
667,-0.016718,0.003882,0.017322
668,-0.016376,0.003805,0.016965
669,-0.016051,0.003731,0.016626
670,-0.019691,0.004585,0.020367
671,-0.019204,0.004474,0.019862
672,-0.018742,0.004367,0.019383
673,-0.018302,0.004267,0.018927
674,-0.017883,0.004170,0.018493
675,-0.017485,0.004079,0.018080
676,-0.017106,0.003992,0.017687
677,-0.016746,0.003910,0.017314
678,-0.016403,0.003831,0.016958
679,-0.016077,0.003756,0.016620
680,-0.019700,0.004576,0.020400
681,-0.019214,0.004464,0.019895
682,-0.018752,0.004359,0.019415
683,-0.018312,0.004258,0.018958
684,-0.017893,0.004162,0.018523
685,-0.017495,0.004071,0.018110
686,-0.017117,0.003985,0.017716
687,-0.016756,0.003902,0.017342
688,-0.016414,0.003824,0.016986
689,-0.016088,0.003750,0.016648
690,-0.019789,0.004722,0.020296
691,-0.019299,0.004604,0.019797
692,-0.018833,0.004492,0.019322
693,-0.018390,0.004385,0.018870
694,-0.017969,0.004284,0.018440
695,-0.017568,0.004187,0.018031
696,-0.017186,0.004095,0.017642
697,-0.016823,0.004008,0.017272
698,-0.016478,0.003925,0.016920
699,-0.016150,0.003845,0.016585
700,-0.019756,0.004635,0.020422
701,-0.019269,0.004521,0.019917
702,-0.018805,0.004413,0.019437
703,-0.018364,0.004310,0.018980
704,-0.017944,0.004212,0.018545
705,-0.017545,0.004119,0.018132
706,-0.017165,0.004031,0.017739
707,-0.016804,0.003946,0.017365
708,-0.016461,0.003866,0.017009
709,-0.016134,0.003790,0.016670
710,-0.019774,0.004647,0.020438
711,-0.019286,0.004533,0.019933
712,-0.018822,0.004425,0.019453
713,-0.018380,0.004321,0.018996
714,-0.017961,0.004223,0.018561
715,-0.017561,0.004129,0.018148
716,-0.017181,0.004040,0.017754
717,-0.016820,0.003956,0.017380
718,-0.016476,0.003875,0.017024
719,-0.016149,0.003799,0.016686
720,-0.019768,0.004616,0.020491
721,-0.019281,0.004504,0.019984
722,-0.018818,0.004396,0.019502
723,-0.018377,0.004294,0.019044
724,-0.017958,0.004197,0.018607
725,-0.017559,0.004105,0.018192
726,-0.017180,0.004017,0.017798
727,-0.016819,0.003934,0.017422
728,-0.016476,0.003855,0.017065
729,-0.016150,0.003779,0.016725
730,-0.019743,0.004549,0.020577
731,-0.019258,0.004439,0.020067
732,-0.018796,0.004335,0.019581
733,-0.018357,0.004236,0.019120
734,-0.017939,0.004141,0.018681
735,-0.017542,0.004052,0.018263
736,-0.017164,0.003966,0.017866
737,-0.016804,0.003885,0.017488
738,-0.016462,0.003808,0.017128
739,-0.016137,0.003735,0.016786
740,-0.019765,0.004570,0.020574
741,-0.019279,0.004459,0.020065
742,-0.018817,0.004354,0.019581
743,-0.018377,0.004254,0.019120
744,-0.017959,0.004158,0.018682
745,-0.017561,0.004068,0.018265
746,-0.017182,0.003982,0.017868
747,-0.016822,0.003900,0.017491
748,-0.016480,0.003822,0.017132
749,-0.016154,0.003748,0.016791
750,-0.019759,0.004544,0.020607
751,-0.019274,0.004434,0.020097
752,-0.018812,0.004330,0.019612
753,-0.018373,0.004231,0.019151
754,-0.017955,0.004137,0.018712
755,-0.017558,0.004047,0.018294
756,-0.017180,0.003962,0.017897
757,-0.016820,0.003881,0.017519
758,-0.016478,0.003803,0.017160
759,-0.016153,0.003730,0.016818
760,-0.019766,0.004541,0.020615
761,-0.019281,0.004431,0.020106
762,-0.018819,0.004327,0.019621
763,-0.018380,0.004228,0.019160
764,-0.017962,0.004134,0.018721
765,-0.017565,0.004044,0.018304
766,-0.017187,0.003959,0.017907
767,-0.016827,0.003878,0.017529
768,-0.016485,0.003801,0.017170
769,-0.016160,0.003727,0.016828
770,-0.019770,0.004537,0.020622
771,-0.019285,0.004428,0.020112
772,-0.018824,0.004324,0.019628
773,-0.018385,0.004225,0.019167
774,-0.017967,0.004130,0.018729
775,-0.017570,0.004041,0.018312
776,-0.017192,0.003956,0.017915
777,-0.016832,0.003874,0.017538
778,-0.016490,0.003797,0.017179
779,-0.016165,0.003724,0.016837
780,-0.019775,0.004534,0.020631
781,-0.019290,0.004424,0.020122
782,-0.018828,0.004320,0.019638
783,-0.018389,0.004221,0.019177
784,-0.017972,0.004127,0.018739
785,-0.017575,0.004038,0.018322
786,-0.017197,0.003952,0.017925
787,-0.016837,0.003871,0.017548
788,-0.016496,0.003794,0.017189
789,-0.016170,0.003721,0.016848
790,-0.019779,0.004531,0.020629
791,-0.019294,0.004421,0.020120
792,-0.018832,0.004317,0.019637
793,-0.018393,0.004218,0.019177
794,-0.017976,0.004124,0.018739
795,-0.017579,0.004035,0.018323
796,-0.017201,0.003949,0.017927
797,-0.016842,0.003868,0.017550
798,-0.016500,0.003791,0.017192
799,-0.016175,0.003718,0.016851
800,-0.019783,0.004528,0.020623
801,-0.019298,0.004419,0.020116
802,-0.018836,0.004315,0.019633
803,-0.018398,0.004216,0.019173
804,-0.017980,0.004122,0.018736
805,-0.017583,0.004032,0.018321
806,-0.017205,0.003947,0.017925
807,-0.016846,0.003866,0.017549
808,-0.016504,0.003789,0.017192
809,-0.016179,0.003716,0.016851
810,-0.019786,0.004525,0.020625
811,-0.019301,0.004416,0.020118
812,-0.018840,0.004312,0.019635
813,-0.018401,0.004213,0.019176
814,-0.017984,0.004119,0.018740
815,-0.017587,0.004029,0.018324
816,-0.017209,0.003944,0.017929
817,-0.016850,0.003863,0.017553
818,-0.016509,0.003786,0.017196
819,-0.016183,0.003713,0.016856
820,-0.019792,0.004524,0.020624
821,-0.019307,0.004415,0.020118
822,-0.018846,0.004311,0.019635
823,-0.018407,0.004212,0.019177
824,-0.017990,0.004118,0.018741
825,-0.017593,0.004028,0.018326
826,-0.017215,0.003943,0.017931
827,-0.016856,0.003862,0.017555
828,-0.016514,0.003785,0.017198
829,-0.016189,0.003711,0.016858
830,-0.019795,0.004521,0.020628
831,-0.019310,0.004412,0.020121
832,-0.018849,0.004308,0.019640
833,-0.018410,0.004209,0.019181
834,-0.017993,0.004115,0.018745
835,-0.017596,0.004026,0.018330
836,-0.017219,0.003940,0.017936
837,-0.016859,0.003859,0.017560
838,-0.016518,0.003782,0.017203
839,-0.016193,0.003709,0.016864
840,-0.019798,0.004518,0.020635
841,-0.019313,0.004409,0.020128
842,-0.018852,0.004305,0.019646
843,-0.018413,0.004206,0.019188
844,-0.017996,0.004112,0.018752
845,-0.017599,0.004023,0.018337
846,-0.017221,0.003938,0.017942
847,-0.016862,0.003857,0.017567
848,-0.016521,0.003780,0.017210
849,-0.016196,0.003706,0.016870
850,-0.019801,0.004516,0.020638
851,-0.019316,0.004407,0.020131
852,-0.018855,0.004303,0.019649
853,-0.018416,0.004204,0.019191
854,-0.017999,0.004110,0.018755
855,-0.017602,0.004020,0.018341
856,-0.017225,0.003935,0.017946
857,-0.016866,0.003854,0.017571
858,-0.016524,0.003777,0.017214
859,-0.016199,0.003704,0.016875
860,-0.019805,0.004515,0.020636
861,-0.019320,0.004406,0.020130
862,-0.018859,0.004302,0.019649
863,-0.018421,0.004203,0.019191
864,-0.018004,0.004109,0.018755
865,-0.017607,0.004019,0.018341
866,-0.017229,0.003934,0.017947
867,-0.016870,0.003853,0.017572
868,-0.016528,0.003776,0.017215
869,-0.016204,0.003703,0.016876
870,-0.019808,0.004512,0.020643
871,-0.019323,0.004403,0.020137
872,-0.018862,0.004299,0.019656
873,-0.018423,0.004200,0.019198
874,-0.018006,0.004106,0.018762
875,-0.017609,0.004017,0.018348
876,-0.017232,0.003932,0.017953
877,-0.016873,0.003851,0.017579
878,-0.016531,0.003774,0.017222
879,-0.016206,0.003701,0.016883
880,-0.019811,0.004511,0.020641
881,-0.019327,0.004402,0.020136
882,-0.018866,0.004298,0.019655
883,-0.018427,0.004199,0.019197
884,-0.018010,0.004105,0.018762
885,-0.017613,0.004016,0.018347
886,-0.017235,0.003931,0.017954
887,-0.016876,0.003850,0.017579
888,-0.016535,0.003773,0.017222
889,-0.016210,0.003699,0.016883
890,-0.019814,0.004509,0.020644
891,-0.019329,0.004400,0.020138
892,-0.018868,0.004296,0.019657
893,-0.018429,0.004197,0.019200
894,-0.018012,0.004103,0.018764
895,-0.017615,0.004014,0.018350
896,-0.017238,0.003929,0.017957
897,-0.016879,0.003848,0.017582
898,-0.016537,0.003771,0.017226
899,-0.016213,0.003698,0.016887
900,-0.021617,0.007964,0.018340
901,-0.021049,0.007694,0.017941
902,-0.020508,0.007437,0.017562
903,-0.019994,0.007193,0.017202
904,-0.019505,0.006961,0.016859
905,-0.019040,0.006740,0.016533
906,-0.018597,0.006530,0.016222
907,-0.018176,0.006330,0.015927
908,-0.017776,0.006140,0.015647
909,-0.017395,0.005959,0.015379
910,-0.019856,0.004619,0.021016
911,-0.019373,0.004511,0.020489
912,-0.018914,0.004410,0.019987
913,-0.018478,0.004313,0.019510
914,-0.018062,0.004220,0.019056
915,-0.017667,0.004132,0.018624
916,-0.017291,0.004049,0.018213
917,-0.016934,0.003970,0.017823
918,-0.016594,0.003894,0.017451
919,-0.016270,0.003822,0.017097
920,-0.019858,0.004627,0.020590
921,-0.019375,0.004519,0.020084
922,-0.018916,0.004416,0.019602
923,-0.018479,0.004318,0.019144
924,-0.018064,0.004225,0.018709
925,-0.017668,0.004137,0.018294
926,-0.017292,0.004053,0.017900
927,-0.016935,0.003973,0.017525
928,-0.016595,0.003896,0.017168
929,-0.016271,0.003824,0.016829
930,-0.019865,0.004628,0.020485
931,-0.019381,0.004519,0.019984
932,-0.018922,0.004416,0.019508
933,-0.018484,0.004317,0.019055
934,-0.018068,0.004224,0.018623
935,-0.017673,0.004135,0.018213
936,-0.017296,0.004051,0.017823
937,-0.016938,0.003970,0.017452
938,-0.016598,0.003894,0.017099
939,-0.016274,0.003821,0.016763
940,-0.019919,0.004718,0.020418
941,-0.019433,0.004605,0.019920
942,-0.018971,0.004497,0.019447
943,-0.018531,0.004395,0.018997
944,-0.018113,0.004298,0.018568
945,-0.017715,0.004205,0.018161
946,-0.017337,0.004117,0.017773
947,-0.016977,0.004033,0.017405
948,-0.016635,0.003953,0.017054
949,-0.016309,0.003877,0.016720
950,-0.020087,0.005027,0.020203
951,-0.019594,0.004900,0.019716
952,-0.019124,0.004778,0.019252
953,-0.018677,0.004663,0.018810
954,-0.018252,0.004553,0.018391
955,-0.017848,0.004448,0.017991
956,-0.017464,0.004349,0.017611
957,-0.017098,0.004254,0.017250
958,-0.016750,0.004164,0.016906
959,-0.016419,0.004078,0.016580
960,-0.020039,0.004922,0.020369
961,-0.019547,0.004799,0.019874
962,-0.019080,0.004683,0.019402
963,-0.018636,0.004572,0.018953
964,-0.018213,0.004467,0.018526
965,-0.017811,0.004367,0.018120
966,-0.017429,0.004272,0.017734
967,-0.017065,0.004181,0.017367
968,-0.016719,0.004095,0.017017
969,-0.016390,0.004013,0.016685
970,-0.019915,0.004670,0.020653
971,-0.019430,0.004559,0.020144
972,-0.018968,0.004454,0.019659
973,-0.018529,0.004354,0.019199
974,-0.018112,0.004259,0.018760
975,-0.017715,0.004169,0.018344
976,-0.017337,0.004083,0.017947
977,-0.016978,0.004001,0.017570
978,-0.016636,0.003923,0.017211
979,-0.016311,0.003849,0.016870
980,-0.020053,0.004928,0.020455
981,-0.019562,0.004805,0.019955
982,-0.019094,0.004688,0.019480
983,-0.018649,0.004577,0.019028
984,-0.018226,0.004471,0.018599
985,-0.017824,0.004371,0.018190
986,-0.017441,0.004275,0.017801
987,-0.017077,0.004184,0.017431
988,-0.016730,0.004098,0.017079
989,-0.016401,0.004016,0.016744
990,-0.020025,0.004866,0.020562
991,-0.019535,0.004746,0.020058
992,-0.019069,0.004632,0.019578
993,-0.018625,0.004524,0.019121
994,-0.018204,0.004421,0.018687
995,-0.017802,0.004323,0.018274
996,-0.017421,0.004230,0.017882
997,-0.017058,0.004141,0.017508
998,-0.016712,0.004057,0.017153
999,-0.016384,0.003977,0.016815
1000,-0.019977,0.004775,0.020692
1001,-0.019489,0.004660,0.020182
1002,-0.019026,0.004550,0.019697
1003,-0.018584,0.004446,0.019235
1004,-0.018165,0.004346,0.018796
1005,-0.017765,0.004252,0.018378
1006,-0.017386,0.004162,0.017981
1007,-0.017024,0.004077,0.017603
1008,-0.016681,0.003996,0.017244
1009,-0.016354,0.003918,0.016902
1010,-0.020032,0.004875,0.020650
1011,-0.019542,0.004755,0.020143
1012,-0.019076,0.004641,0.019660
1013,-0.018632,0.004532,0.019200
1014,-0.018211,0.004429,0.018764
1015,-0.017809,0.004330,0.018348
1016,-0.017428,0.004237,0.017953
1017,-0.017064,0.004148,0.017577
1018,-0.016719,0.004063,0.017219
1019,-0.016391,0.003983,0.016879
1020,-0.019966,0.004743,0.020823
1021,-0.019479,0.004629,0.020307
1022,-0.019016,0.004521,0.019817
1023,-0.018576,0.004418,0.019351
1024,-0.018156,0.004320,0.018908
1025,-0.017758,0.004227,0.018486
1026,-0.017379,0.004138,0.018084
1027,-0.017018,0.004054,0.017703
1028,-0.016675,0.003974,0.017340
1029,-0.016348,0.003898,0.016994
1030,-0.019981,0.004767,0.020842
1031,-0.019494,0.004652,0.020326
1032,-0.019030,0.004543,0.019836
1033,-0.018589,0.004439,0.019370
1034,-0.018169,0.004340,0.018926
1035,-0.017770,0.004245,0.018504
1036,-0.017390,0.004156,0.018103
1037,-0.017029,0.004070,0.017721
1038,-0.016685,0.003989,0.017358
1039,-0.016358,0.003912,0.017012
1040,-0.019909,0.004629,0.021009
1041,-0.019425,0.004521,0.020486
1042,-0.018965,0.004417,0.019989
1043,-0.018526,0.004319,0.019517
1044,-0.018110,0.004225,0.019067
1045,-0.017713,0.004136,0.018639
1046,-0.017336,0.004051,0.018232
1047,-0.016977,0.003970,0.017845
1048,-0.016636,0.003894,0.017477
1049,-0.016311,0.003821,0.017127
1050,-0.020756,0.006261,0.019807
1051,-0.020232,0.006076,0.019341
1052,-0.019734,0.005900,0.018898
1053,-0.019260,0.005733,0.018477
1054,-0.018810,0.005573,0.018076
1055,-0.018381,0.005422,0.017695
1056,-0.017973,0.005278,0.017332
1057,-0.017585,0.005141,0.016987
1058,-0.017216,0.005011,0.016659
1059,-0.016865,0.004887,0.016347
1060,-0.019909,0.004650,0.021217
1061,-0.019426,0.004543,0.020684
1062,-0.018967,0.004441,0.020177
1063,-0.018530,0.004344,0.019695
1064,-0.018115,0.004252,0.019236
1065,-0.017720,0.004164,0.018800
1066,-0.017344,0.004081,0.018385
1067,-0.016986,0.004001,0.017990
1068,-0.016646,0.003926,0.017615
1069,-0.016323,0.003854,0.017258
1070,-0.019903,0.004638,0.021193
1071,-0.019421,0.004531,0.020663
1072,-0.018962,0.004429,0.020159
1073,-0.018525,0.004332,0.019679
1074,-0.018109,0.004240,0.019222
1075,-0.017714,0.004152,0.018788
1076,-0.017338,0.004069,0.018375
1077,-0.016981,0.003989,0.017982
1078,-0.016641,0.003914,0.017609
1079,-0.016317,0.003842,0.017253
1080,-0.019900,0.004628,0.021197
1081,-0.019417,0.004521,0.020667
1082,-0.018958,0.004419,0.020164
1083,-0.018521,0.004322,0.019685
1084,-0.018106,0.004230,0.019230
1085,-0.017710,0.004142,0.018797
1086,-0.017335,0.004058,0.018384
1087,-0.016977,0.003979,0.017992
1088,-0.016637,0.003903,0.017620
1089,-0.016313,0.003831,0.017265
1090,-0.019993,0.004803,0.021076
1091,-0.019506,0.004687,0.020554
1092,-0.019042,0.004577,0.020057
1093,-0.018601,0.004472,0.019584
1094,-0.018182,0.004372,0.019135
1095,-0.017783,0.004277,0.018707
1096,-0.017403,0.004187,0.018300
1097,-0.017042,0.004101,0.017913
1098,-0.016699,0.004019,0.017545
1099,-0.016372,0.003942,0.017195
1100,-0.020029,0.004869,0.021069
1101,-0.019540,0.004750,0.020548
1102,-0.019075,0.004637,0.020052
1103,-0.018632,0.004529,0.019581
1104,-0.018211,0.004426,0.019132
1105,-0.017811,0.004329,0.018705
1106,-0.017430,0.004236,0.018299
1107,-0.017068,0.004148,0.017913
1108,-0.016723,0.004064,0.017546
1109,-0.016395,0.003984,0.017196
1110,-0.019955,0.004727,0.021249
1111,-0.019469,0.004615,0.020720
1112,-0.019007,0.004508,0.020217
1113,-0.018568,0.004406,0.019738
1114,-0.018150,0.004309,0.019283
1115,-0.017753,0.004217,0.018850
1116,-0.017374,0.004130,0.018438
1117,-0.017015,0.004046,0.018046
1118,-0.016673,0.003967,0.017674
1119,-0.016347,0.003892,0.017319
1120,-0.019994,0.004794,0.021232
1121,-0.019506,0.004679,0.020705
1122,-0.019042,0.004568,0.020204
1123,-0.018601,0.004464,0.019727
1124,-0.018182,0.004364,0.019273
1125,-0.017783,0.004269,0.018842
1126,-0.017403,0.004179,0.018431
1127,-0.017042,0.004093,0.018041
1128,-0.016699,0.004011,0.017669
1129,-0.016372,0.003934,0.017316
1130,-0.020015,0.004833,0.021242
1131,-0.019527,0.004715,0.020715
1132,-0.019062,0.004603,0.020214
1133,-0.018620,0.004497,0.019738
1134,-0.018200,0.004395,0.019285
1135,-0.017800,0.004299,0.018853
1136,-0.017419,0.004207,0.018443
1137,-0.017058,0.004120,0.018053
1138,-0.016713,0.004037,0.017682
1139,-0.016386,0.003958,0.017329
1140,-0.019922,0.004655,0.021459
1141,-0.019438,0.004546,0.020923
1142,-0.018978,0.004442,0.020413
1143,-0.018540,0.004342,0.019928
1144,-0.018123,0.004248,0.019467
1145,-0.017727,0.004159,0.019028
1146,-0.017350,0.004073,0.018611
1147,-0.016991,0.003992,0.018214
1148,-0.016650,0.003915,0.017836
1149,-0.016325,0.003842,0.017477
1150,-0.019984,0.004775,0.021378
1151,-0.019497,0.004660,0.020847
1152,-0.019033,0.004550,0.020342
1153,-0.018593,0.004446,0.019861
1154,-0.018173,0.004346,0.019404
1155,-0.017775,0.004252,0.018970
1156,-0.017395,0.004162,0.018556
1157,-0.017034,0.004076,0.018163
1158,-0.016691,0.003995,0.017789
1159,-0.016365,0.003917,0.017433
1160,-0.020006,0.004816,0.021388
1161,-0.019518,0.004699,0.020857
1162,-0.019053,0.004587,0.020352
1163,-0.018612,0.004481,0.019872
1164,-0.018191,0.004380,0.019416
1165,-0.017792,0.004284,0.018982
1166,-0.017412,0.004192,0.018568
1167,-0.017050,0.004105,0.018175
1168,-0.016706,0.004022,0.017802
1169,-0.016379,0.003944,0.017446
1170,-0.019926,0.004664,0.021572
1171,-0.019442,0.004553,0.021034
1172,-0.018981,0.004448,0.020522
1173,-0.018543,0.004348,0.020035
1174,-0.018126,0.004253,0.019572
1175,-0.017729,0.004163,0.019131
1176,-0.017352,0.004077,0.018712
1177,-0.016993,0.003995,0.018313
1178,-0.016652,0.003918,0.017934
1179,-0.016327,0.003844,0.017573
1180,-0.019944,0.004697,0.021578
1181,-0.019459,0.004585,0.021041
1182,-0.018997,0.004478,0.020530
1183,-0.018558,0.004377,0.020044
1184,-0.018140,0.004280,0.019581
1185,-0.017742,0.004188,0.019141
1186,-0.017364,0.004101,0.018723
1187,-0.017005,0.004018,0.018325
1188,-0.016663,0.003939,0.017946
1189,-0.016337,0.003863,0.017586
1190,-0.019900,0.004611,0.021701
1191,-0.019416,0.004503,0.021159
1192,-0.018956,0.004400,0.020643
1193,-0.018519,0.004302,0.020153
1194,-0.018103,0.004208,0.019687
1195,-0.017707,0.004119,0.019243
1196,-0.017331,0.004035,0.018821
1197,-0.016973,0.003955,0.018419
1198,-0.016632,0.003878,0.018037
1199,-0.016308,0.003805,0.017674
1200,-0.020611,0.005963,0.020657
1201,-0.020094,0.005792,0.020165
1202,-0.019603,0.005628,0.019697
1203,-0.019135,0.005473,0.019251
1204,-0.018691,0.005325,0.018828
1205,-0.018268,0.005185,0.018425
1206,-0.017865,0.005051,0.018041
1207,-0.017483,0.004924,0.017677
1208,-0.017119,0.004803,0.017330
1209,-0.016772,0.004688,0.017000
1210,-0.019904,0.004609,0.021964
1211,-0.019421,0.004503,0.021410
1212,-0.018962,0.004402,0.020883
1213,-0.018526,0.004306,0.020382
1214,-0.018111,0.004214,0.019905
1215,-0.017716,0.004127,0.019451
1216,-0.017340,0.004045,0.019020
1217,-0.016982,0.003966,0.018609
1218,-0.016642,0.003891,0.018219
1219,-0.016319,0.003820,0.017847
1220,-0.019921,0.004647,0.021943
1221,-0.019438,0.004539,0.021392
1222,-0.018978,0.004435,0.020867
1223,-0.018540,0.004337,0.020369
1224,-0.018124,0.004244,0.019894
1225,-0.017728,0.004155,0.019443
1226,-0.017352,0.004070,0.019013
1227,-0.016993,0.003990,0.018605
1228,-0.016653,0.003913,0.018216
1229,-0.016329,0.003840,0.017847
1230,-0.019902,0.004610,0.022034
1231,-0.019419,0.004503,0.021480
1232,-0.018960,0.004401,0.020953
1233,-0.018523,0.004304,0.020452
1234,-0.018108,0.004211,0.019975
1235,-0.017712,0.004123,0.019521
1236,-0.017336,0.004040,0.019090
1237,-0.016978,0.003960,0.018679
1238,-0.016638,0.003885,0.018289
1239,-0.016314,0.003813,0.017918
1240,-0.019956,0.004709,0.021998
1241,-0.019470,0.004597,0.021447
1242,-0.019008,0.004490,0.020924
1243,-0.018569,0.004388,0.020425
1244,-0.018151,0.004291,0.019951
1245,-0.017753,0.004199,0.019500
1246,-0.017375,0.004112,0.019071
1247,-0.017015,0.004028,0.018663
1248,-0.016673,0.003949,0.018275
1249,-0.016348,0.003874,0.017906
1250,-0.019882,0.004568,0.022152
1251,-0.019400,0.004462,0.021596
1252,-0.018941,0.004361,0.021066
1253,-0.018504,0.004265,0.020563
1254,-0.018089,0.004173,0.020084
1255,-0.017695,0.004087,0.019628
1256,-0.017319,0.004004,0.019195
1257,-0.016962,0.003925,0.018782
1258,-0.016622,0.003851,0.018390
1259,-0.016299,0.003780,0.018017
1260,-0.019920,0.004640,0.022107
1261,-0.019436,0.004530,0.021554
1262,-0.018975,0.004425,0.021028
1263,-0.018537,0.004326,0.020528
1264,-0.018120,0.004231,0.020052
1265,-0.017724,0.004141,0.019599
1266,-0.017347,0.004056,0.019168
1267,-0.016988,0.003974,0.018759
1268,-0.016647,0.003897,0.018369
1269,-0.016322,0.003823,0.017999
1270,-0.019888,0.004578,0.022195
1271,-0.019405,0.004470,0.021639
1272,-0.018946,0.004368,0.021111
1273,-0.018509,0.004271,0.020608
1274,-0.018093,0.004179,0.020130
1275,-0.017698,0.004091,0.019675
1276,-0.017322,0.004007,0.019242
1277,-0.016964,0.003928,0.018830
1278,-0.016624,0.003852,0.018439
1279,-0.016300,0.003780,0.018066
1280,-0.019941,0.004680,0.022125
1281,-0.019456,0.004568,0.021574
1282,-0.018994,0.004461,0.021050
1283,-0.018554,0.004359,0.020551
1284,-0.018136,0.004262,0.020077
1285,-0.017739,0.004170,0.019626
1286,-0.017361,0.004082,0.019197
1287,-0.017001,0.003999,0.018789
1288,-0.016659,0.003920,0.018400
1289,-0.016333,0.003844,0.018031
1290,-0.019866,0.004536,0.022280
1291,-0.019384,0.004430,0.021723
1292,-0.018925,0.004330,0.021193
1293,-0.018489,0.004234,0.020689
1294,-0.018074,0.004142,0.020209
1295,-0.017679,0.004056,0.019753
1296,-0.017304,0.003973,0.019319
1297,-0.016946,0.003895,0.018907
1298,-0.016607,0.003820,0.018514
1299,-0.016283,0.003749,0.018141
1300,-0.019906,0.004612,0.022237
1301,-0.019422,0.004502,0.021683
1302,-0.018962,0.004398,0.021156
1303,-0.018523,0.004298,0.020655
1304,-0.018107,0.004204,0.020178
1305,-0.017710,0.004114,0.019725
1306,-0.017333,0.004028,0.019294
1307,-0.016974,0.003947,0.018883
1308,-0.016633,0.003869,0.018493
1309,-0.016308,0.003795,0.018122
1310,-0.019904,0.004608,0.022275
1311,-0.019420,0.004498,0.021720
1312,-0.018959,0.004393,0.021193
1313,-0.018521,0.004294,0.020691
1314,-0.018104,0.004199,0.020214
1315,-0.017708,0.004109,0.019760
1316,-0.017331,0.004023,0.019328
1317,-0.016972,0.003942,0.018917
1318,-0.016631,0.003864,0.018527
1319,-0.016306,0.003791,0.018155
1320,-0.019918,0.004633,0.022284
1321,-0.019433,0.004522,0.021730
1322,-0.018972,0.004416,0.021203
1323,-0.018533,0.004315,0.020702
1324,-0.018116,0.004219,0.020225
1325,-0.017718,0.004128,0.019772
1326,-0.017341,0.004041,0.019341
1327,-0.016981,0.003959,0.018930
1328,-0.016640,0.003880,0.018540
1329,-0.016314,0.003806,0.018169
1330,-0.019857,0.004514,0.022428
1331,-0.019375,0.004408,0.021868
1332,-0.018916,0.004307,0.021336
1333,-0.018480,0.004211,0.020830
1334,-0.018065,0.004120,0.020348
1335,-0.017670,0.004033,0.019890
1336,-0.017294,0.003950,0.019454
1337,-0.016937,0.003872,0.019040
1338,-0.016597,0.003797,0.018646
1339,-0.016274,0.003726,0.018271
1340,-0.019931,0.004654,0.022324
1341,-0.019445,0.004541,0.021770
1342,-0.018983,0.004433,0.021244
1343,-0.018543,0.004331,0.020743
1344,-0.018125,0.004234,0.020267
1345,-0.017727,0.004142,0.019813
1346,-0.017349,0.004054,0.019382
1347,-0.016989,0.003970,0.018972
1348,-0.016647,0.003890,0.018582
1349,-0.016321,0.003815,0.018211
1350,-0.020016,0.004809,0.022260
1351,-0.019526,0.004689,0.021711
1352,-0.019060,0.004575,0.021188
1353,-0.018617,0.004466,0.020690
1354,-0.018195,0.004363,0.020217
1355,-0.017794,0.004264,0.019767
1356,-0.017413,0.004171,0.019339
1357,-0.017050,0.004082,0.018932
1358,-0.016705,0.003997,0.018545
1359,-0.016376,0.003916,0.018176
1360,-0.019857,0.004510,0.022506
1361,-0.019375,0.004404,0.021945
1362,-0.018916,0.004303,0.021412
1363,-0.018480,0.004207,0.020905
1364,-0.018065,0.004116,0.020423
1365,-0.017670,0.004029,0.019964
1366,-0.017294,0.003947,0.019527
1367,-0.016937,0.003868,0.019112
1368,-0.016597,0.003794,0.018717
1369,-0.016274,0.003723,0.018342
1370,-0.019868,0.004531,0.022489
1371,-0.019385,0.004424,0.021930
1372,-0.018925,0.004322,0.021399
1373,-0.018488,0.004225,0.020894
1374,-0.018073,0.004132,0.020413
1375,-0.017677,0.004044,0.019956
1376,-0.017301,0.003961,0.019521
1377,-0.016943,0.003881,0.019107
1378,-0.016603,0.003806,0.018713
1379,-0.016279,0.003734,0.018339
1380,-0.019868,0.004527,0.022539
1381,-0.019385,0.004419,0.021979
1382,-0.018925,0.004317,0.021447
1383,-0.018488,0.004220,0.020940
1384,-0.018072,0.004127,0.020458
1385,-0.017677,0.004039,0.020000
1386,-0.017300,0.003956,0.019564
1387,-0.016942,0.003876,0.019149
1388,-0.016602,0.003800,0.018754
1389,-0.016278,0.003728,0.018379
1390,-0.019850,0.004491,0.022585
1391,-0.019368,0.004385,0.022024
1392,-0.018909,0.004284,0.021490
1393,-0.018472,0.004188,0.020982
1394,-0.018057,0.004097,0.020499
1395,-0.017662,0.004010,0.020040
1396,-0.017287,0.003927,0.019603
1397,-0.016929,0.003849,0.019188
1398,-0.016589,0.003774,0.018792
1399,-0.016266,0.003703,0.018416
1400,-0.019893,0.004574,0.022524
1401,-0.019409,0.004464,0.021967
1402,-0.018948,0.004359,0.021437
1403,-0.018509,0.004259,0.020933
1404,-0.018092,0.004165,0.020453
1405,-0.017696,0.004074,0.019997
1406,-0.017318,0.003988,0.019563
1407,-0.016959,0.003907,0.019150
1408,-0.016618,0.003829,0.018757
1409,-0.016293,0.003755,0.018384
1410,-0.019862,0.004512,0.022598
1411,-0.019379,0.004405,0.022038
1412,-0.018919,0.004302,0.021506
1413,-0.018482,0.004205,0.020999
1414,-0.018066,0.004113,0.020517
1415,-0.017671,0.004025,0.020059
1416,-0.017294,0.003941,0.019623
1417,-0.016936,0.003861,0.019208
1418,-0.016596,0.003786,0.018813
1419,-0.016272,0.003713,0.018438
1420,-0.019877,0.004538,0.022585
1421,-0.019393,0.004429,0.022026
1422,-0.018932,0.004326,0.021495
1423,-0.018494,0.004227,0.020990
1424,-0.018078,0.004133,0.020509
1425,-0.017682,0.004044,0.020052
1426,-0.017305,0.003959,0.019617
1427,-0.016946,0.003879,0.019203
1428,-0.016605,0.003802,0.018810
1429,-0.016281,0.003729,0.018435
1430,-0.019960,0.004693,0.022490
1431,-0.019472,0.004577,0.021937
1432,-0.019008,0.004466,0.021410
1433,-0.018566,0.004361,0.020910
1434,-0.018146,0.004261,0.020434
1435,-0.017747,0.004166,0.019980
1436,-0.017367,0.004075,0.019550
1437,-0.017005,0.003989,0.019140
1438,-0.016662,0.003907,0.018750
1439,-0.016335,0.003829,0.018379
1440,-0.019949,0.004672,0.022540
1441,-0.019462,0.004557,0.021985
1442,-0.018999,0.004448,0.021457
1443,-0.018558,0.004343,0.020954
1444,-0.018138,0.004244,0.020477
1445,-0.017739,0.004150,0.020022
1446,-0.017360,0.004060,0.019590
1447,-0.016999,0.003975,0.019178
1448,-0.016655,0.003894,0.018787
1449,-0.016329,0.003817,0.018415
1450,-0.019902,0.004580,0.022666
1451,-0.019417,0.004469,0.022105
1452,-0.018956,0.004364,0.021572
1453,-0.018517,0.004264,0.021065
1454,-0.018099,0.004168,0.020582
1455,-0.017702,0.004078,0.020124
1456,-0.017324,0.003991,0.019687
1457,-0.016965,0.003909,0.019272
1458,-0.016623,0.003831,0.018877
1459,-0.016298,0.003757,0.018501
1460,-0.019848,0.004477,0.022769
1461,-0.019366,0.004371,0.022205
1462,-0.018907,0.004270,0.021668
1463,-0.018470,0.004174,0.021157
1464,-0.018055,0.004083,0.020671
1465,-0.017660,0.003996,0.020209
1466,-0.017284,0.003913,0.019769
1467,-0.016926,0.003835,0.019351
1468,-0.016586,0.003760,0.018953
1469,-0.016263,0.003689,0.018574
1470,-0.019847,0.004472,0.022796
1471,-0.019364,0.004365,0.022231
1472,-0.018905,0.004264,0.021694
1473,-0.018468,0.004168,0.021183
1474,-0.018053,0.004077,0.020697
1475,-0.017658,0.003990,0.020234
1476,-0.017282,0.003908,0.019794
1477,-0.016924,0.003829,0.019376
1478,-0.016584,0.003754,0.018977
1479,-0.016261,0.003683,0.018599
1480,-0.019930,0.004631,0.022670
1481,-0.019443,0.004517,0.022112
1482,-0.018980,0.004409,0.021581
1483,-0.018540,0.004306,0.021076
1484,-0.018121,0.004208,0.020596
1485,-0.017723,0.004115,0.020139
1486,-0.017344,0.004026,0.019704
1487,-0.016983,0.003942,0.019290
1488,-0.016640,0.003861,0.018897
1489,-0.016314,0.003785,0.018523
1490,-0.019864,0.004501,0.022833
1491,-0.019381,0.004394,0.022268
1492,-0.018921,0.004291,0.021730
1493,-0.018483,0.004194,0.021219
1494,-0.018067,0.004101,0.020732
1495,-0.017671,0.004013,0.020269
1496,-0.017295,0.003929,0.019829
1497,-0.016936,0.003849,0.019410
1498,-0.016596,0.003773,0.019012
1499,-0.016272,0.003701,0.018633
1500,-0.019914,0.004599,0.022739
1501,-0.019428,0.004486,0.022179
1502,-0.018966,0.004379,0.021646
1503,-0.018526,0.004278,0.021139
1504,-0.018108,0.004181,0.020657
1505,-0.017710,0.004089,0.020199
1506,-0.017332,0.004001,0.019763
1507,-0.016972,0.003918,0.019348
1508,-0.016629,0.003839,0.018953
1509,-0.016304,0.003764,0.018578
1510,-0.019897,0.004567,0.022794
1511,-0.019412,0.004456,0.022232
1512,-0.018951,0.004350,0.021697
1513,-0.018512,0.004250,0.021189
1514,-0.018094,0.004154,0.020705
1515,-0.017697,0.004064,0.020245
1516,-0.017319,0.003977,0.019807
1517,-0.016960,0.003895,0.019390
1518,-0.016618,0.003817,0.018994
1519,-0.016293,0.003743,0.018617
1520,-0.019881,0.004532,0.022857
1521,-0.019397,0.004423,0.022293
1522,-0.018936,0.004319,0.021756
1523,-0.018498,0.004220,0.021245
1524,-0.018081,0.004126,0.020760
1525,-0.017684,0.004037,0.020297
1526,-0.017307,0.003951,0.019858
1527,-0.016948,0.003870,0.019440
1528,-0.016607,0.003793,0.019042
1529,-0.016282,0.003720,0.018663
1530,-0.019863,0.004495,0.022914
1531,-0.019379,0.004388,0.022348
1532,-0.018919,0.004285,0.021809
1533,-0.018482,0.004188,0.021296
1534,-0.018066,0.004095,0.020809
1535,-0.017670,0.004007,0.020345
1536,-0.017293,0.003923,0.019904
1537,-0.016935,0.003843,0.019484
1538,-0.016594,0.003767,0.019085
1539,-0.016270,0.003695,0.018706
1540,-0.019882,0.004529,0.022907
1541,-0.019397,0.004419,0.022341
1542,-0.018936,0.004315,0.021803
1543,-0.018498,0.004216,0.021292
1544,-0.018081,0.004122,0.020805
1545,-0.017684,0.004032,0.020342
1546,-0.017307,0.003947,0.019902
1547,-0.016948,0.003866,0.019483
1548,-0.016607,0.003789,0.019085
1549,-0.016282,0.003715,0.018706
1550,-0.019904,0.004566,0.022929
1551,-0.019419,0.004455,0.022363
1552,-0.018957,0.004349,0.021825
1553,-0.018517,0.004248,0.021313
1554,-0.018099,0.004152,0.020826
1555,-0.017702,0.004061,0.020363
1556,-0.017324,0.003975,0.019922
1557,-0.016964,0.003892,0.019503
1558,-0.016622,0.003814,0.019105
1559,-0.016296,0.003739,0.018725
1560,-0.019850,0.004457,0.023063
1561,-0.019366,0.004350,0.022491
1562,-0.018907,0.004249,0.021948
1563,-0.018470,0.004153,0.021431
1564,-0.018054,0.004062,0.020939
1565,-0.017659,0.003975,0.020471
1566,-0.017283,0.003892,0.020026
1567,-0.016925,0.003813,0.019603
1568,-0.016584,0.003739,0.019201
1569,-0.016261,0.003667,0.018818
1570,-0.020005,0.004753,0.022808
1571,-0.019514,0.004633,0.022250
1572,-0.019048,0.004518,0.021718
1573,-0.018604,0.004409,0.021213
1574,-0.018182,0.004306,0.020732
1575,-0.017781,0.004208,0.020274
1576,-0.017399,0.004114,0.019839
1577,-0.017036,0.004025,0.019426
1578,-0.016690,0.003940,0.019032
1579,-0.016361,0.003860,0.018657
1580,-0.019896,0.004540,0.023068
1581,-0.019411,0.004430,0.022498
1582,-0.018950,0.004325,0.021955
1583,-0.018511,0.004226,0.021439
1584,-0.018093,0.004131,0.020948
1585,-0.017696,0.004041,0.020481
1586,-0.017318,0.003956,0.020036
1587,-0.016959,0.003874,0.019614
1588,-0.016617,0.003797,0.019212
1589,-0.016292,0.003723,0.018829
1590,-0.019856,0.004459,0.023179
1591,-0.019373,0.004353,0.022604
1592,-0.018913,0.004252,0.022057
1593,-0.018476,0.004156,0.021537
1594,-0.018060,0.004065,0.021042
1595,-0.017664,0.003978,0.020572
1596,-0.017288,0.003895,0.020124
1597,-0.016930,0.003816,0.019698
1598,-0.016590,0.003741,0.019293
1599,-0.016266,0.003670,0.018908
1600,-0.020000,0.004736,0.022939
1601,-0.019510,0.004617,0.022376
1602,-0.019044,0.004503,0.021841
1603,-0.018601,0.004395,0.021331
1604,-0.018179,0.004292,0.020847
1605,-0.017778,0.004195,0.020386
1606,-0.017396,0.004102,0.019948
1607,-0.017033,0.004013,0.019531
1608,-0.016688,0.003929,0.019134
1609,-0.016360,0.003849,0.018757
1610,-0.019878,0.004502,0.023179
1611,-0.019394,0.004394,0.022605
1612,-0.018933,0.004291,0.022060
1613,-0.018495,0.004193,0.021541
1614,-0.018079,0.004100,0.021047
1615,-0.017682,0.004012,0.020577
1616,-0.017305,0.003928,0.020130
1617,-0.016947,0.003848,0.019705
1618,-0.016605,0.003771,0.019301
1619,-0.016281,0.003699,0.018917
1620,-0.019856,0.004457,0.023242
1621,-0.019373,0.004351,0.022666
1622,-0.018913,0.004250,0.022118
1623,-0.018476,0.004154,0.021597
1624,-0.018060,0.004063,0.021102
1625,-0.017665,0.003976,0.020630
1626,-0.017288,0.003893,0.020182
1627,-0.016930,0.003814,0.019756
1628,-0.016590,0.003739,0.019350
1629,-0.016266,0.003668,0.018964
1630,-0.019851,0.004450,0.023254
1631,-0.019368,0.004344,0.022679
1632,-0.018908,0.004243,0.022131
1633,-0.018471,0.004147,0.021610
1634,-0.018056,0.004056,0.021115
1635,-0.017660,0.003969,0.020644
1636,-0.017284,0.003886,0.020196
1637,-0.016926,0.003808,0.019770
1638,-0.016586,0.003733,0.019364
1639,-0.016262,0.003662,0.018978
1640,-0.019938,0.004615,0.023137
1641,-0.019451,0.004501,0.022568
1642,-0.018988,0.004393,0.022026
1643,-0.018547,0.004290,0.021511
1644,-0.018128,0.004192,0.021021
1645,-0.017729,0.004098,0.020555
1646,-0.017350,0.004010,0.020112
1647,-0.016989,0.003925,0.019690
1648,-0.016645,0.003845,0.019289
1649,-0.016319,0.003768,0.018907
1650,-0.020693,0.006031,0.022043
1651,-0.020171,0.005851,0.021525
1652,-0.019674,0.005681,0.021033
1653,-0.019202,0.005518,0.020564
1654,-0.018753,0.005363,0.020118
1655,-0.018325,0.005216,0.019694
1656,-0.017918,0.005076,0.019291
1657,-0.017532,0.004943,0.018907
1658,-0.017164,0.004817,0.018542
1659,-0.016814,0.004696,0.018195
1660,-0.019910,0.004523,0.023560
1661,-0.019426,0.004417,0.022970
1662,-0.018965,0.004316,0.022409
1663,-0.018527,0.004219,0.021875
1664,-0.018111,0.004128,0.021367
1665,-0.017714,0.004041,0.020883
1666,-0.017337,0.003958,0.020424
1667,-0.016979,0.003879,0.019986
1668,-0.016638,0.003804,0.019570
1669,-0.016313,0.003732,0.019175
1670,-0.019999,0.004693,0.023421
1671,-0.019510,0.004578,0.022839
1672,-0.019046,0.004469,0.022285
1673,-0.018604,0.004365,0.021758
1674,-0.018184,0.004266,0.021257
1675,-0.017784,0.004172,0.020780
1676,-0.017403,0.004083,0.020327
1677,-0.017042,0.003998,0.019895
1678,-0.016697,0.003917,0.019485
1679,-0.016370,0.003840,0.019094
1680,-0.019911,0.004517,0.023642
1681,-0.019426,0.004411,0.023050
1682,-0.018966,0.004309,0.022488
1683,-0.018528,0.004213,0.021952
1684,-0.018111,0.004121,0.021443
1685,-0.017715,0.004034,0.020959
1686,-0.017338,0.003951,0.020498
1687,-0.016979,0.003872,0.020060
1688,-0.016638,0.003797,0.019643
1689,-0.016313,0.003726,0.019247
1690,-0.019905,0.004508,0.023641
1691,-0.019421,0.004402,0.023051
1692,-0.018960,0.004301,0.022490
1693,-0.018522,0.004204,0.021956
1694,-0.018106,0.004113,0.021448
1695,-0.017709,0.004026,0.020965
1696,-0.017332,0.003943,0.020505
1697,-0.016974,0.003864,0.020068
1698,-0.016633,0.003789,0.019653
1699,-0.016308,0.003717,0.019257
1700,-0.019997,0.004679,0.023539
1701,-0.019509,0.004564,0.022955
1702,-0.019044,0.004455,0.022399
1703,-0.018602,0.004351,0.021871
1704,-0.018182,0.004253,0.021368
1705,-0.017782,0.004159,0.020890
1706,-0.017401,0.004069,0.020435
1707,-0.017039,0.003984,0.020003
1708,-0.016695,0.003903,0.019591
1709,-0.016368,0.003827,0.019200
1710,-0.019940,0.004565,0.023694
1711,-0.019455,0.004456,0.023104
1712,-0.018992,0.004352,0.022542
1713,-0.018553,0.004253,0.022008
1714,-0.018135,0.004159,0.021500
1715,-0.017737,0.004069,0.021017
1716,-0.017359,0.003984,0.020557
1717,-0.016999,0.003903,0.020120
1718,-0.016657,0.003826,0.019704
1719,-0.016331,0.003753,0.019308
1720,-0.019909,0.004502,0.023773
1721,-0.019425,0.004395,0.023180
1722,-0.018964,0.004294,0.022616
1723,-0.018526,0.004197,0.022080
1724,-0.018109,0.004105,0.021570
1725,-0.017712,0.004018,0.021084
1726,-0.017335,0.003935,0.020623
1727,-0.016976,0.003856,0.020184
1728,-0.016635,0.003781,0.019766
1729,-0.016310,0.003710,0.019369
1730,-0.020002,0.004677,0.023636
1731,-0.019513,0.004562,0.023051
1732,-0.019048,0.004453,0.022494
1733,-0.018606,0.004349,0.021965
1734,-0.018185,0.004249,0.021461
1735,-0.017785,0.004155,0.020982
1736,-0.017405,0.004066,0.020526
1737,-0.017043,0.003980,0.020093
1738,-0.016698,0.003899,0.019681
1739,-0.016370,0.003822,0.019288
1740,-0.019909,0.004497,0.023839
1741,-0.019425,0.004391,0.023246
1742,-0.018964,0.004289,0.022681
1743,-0.018526,0.004193,0.022144
1744,-0.018109,0.004101,0.021633
1745,-0.017712,0.004014,0.021146
1746,-0.017335,0.003931,0.020684
1747,-0.016976,0.003852,0.020244
1748,-0.016635,0.003777,0.019826
1749,-0.016310,0.003705,0.019428
1750,-0.019907,0.004491,0.023863
1751,-0.019423,0.004385,0.023269
1752,-0.018962,0.004283,0.022705
1753,-0.018524,0.004187,0.022167
1754,-0.018107,0.004095,0.021656
1755,-0.017710,0.004008,0.021170
1756,-0.017333,0.003925,0.020708
1757,-0.016974,0.003846,0.020268
1758,-0.016633,0.003771,0.019850
1759,-0.016308,0.003699,0.019452
1760,-0.019904,0.004485,0.023879
1761,-0.019420,0.004378,0.023286
1762,-0.018959,0.004277,0.022721
1763,-0.018521,0.004180,0.022185
1764,-0.018104,0.004089,0.021674
1765,-0.017707,0.004001,0.021188
1766,-0.017330,0.003918,0.020726
1767,-0.016971,0.003839,0.020287
1768,-0.016630,0.003764,0.019869
1769,-0.016305,0.003693,0.019471
1770,-0.019901,0.004479,0.023890
1771,-0.019417,0.004373,0.023297
1772,-0.018956,0.004271,0.022733
1773,-0.018518,0.004175,0.022197
1774,-0.018101,0.004083,0.021687
1775,-0.017705,0.003996,0.021202
1776,-0.017328,0.003913,0.020740
1777,-0.016969,0.003834,0.020301
1778,-0.016628,0.003759,0.019883
1779,-0.016303,0.003687,0.019486
1780,-0.020023,0.004709,0.023700
1781,-0.019533,0.004592,0.023117
1782,-0.019067,0.004480,0.022562
1783,-0.018623,0.004373,0.022035
1784,-0.018201,0.004272,0.021533
1785,-0.017800,0.004176,0.021056
1786,-0.017419,0.004084,0.020602
1787,-0.017056,0.003997,0.020170
1788,-0.016710,0.003915,0.019759
1789,-0.016382,0.003836,0.019368
1790,-0.020066,0.004787,0.023680
1791,-0.019574,0.004666,0.023099
1792,-0.019107,0.004551,0.022546
1793,-0.018661,0.004441,0.022019
1794,-0.018238,0.004337,0.021519
1795,-0.017835,0.004238,0.021043
1796,-0.017452,0.004144,0.020590
1797,-0.017088,0.004055,0.020159
1798,-0.016741,0.003970,0.019749
1799,-0.016412,0.003889,0.019359
1800,-0.020491,0.005589,0.023062
1801,-0.019979,0.005431,0.022509
1802,-0.019493,0.005281,0.021984
1803,-0.019030,0.005138,0.021484
1804,-0.018590,0.005003,0.021008
1805,-0.018171,0.004874,0.020556
1806,-0.017773,0.004751,0.020126
1807,-0.017394,0.004634,0.019717
1808,-0.017034,0.004523,0.019327
1809,-0.016691,0.004417,0.018957
1810,-0.019932,0.004530,0.023989
1811,-0.019447,0.004423,0.023393
1812,-0.018987,0.004322,0.022826
1813,-0.018549,0.004225,0.022286
1814,-0.018132,0.004134,0.021772
1815,-0.017735,0.004047,0.021284
1816,-0.017358,0.003964,0.020820
1817,-0.016999,0.003885,0.020378
1818,-0.016658,0.003810,0.019957
1819,-0.016333,0.003738,0.019558
1820,-0.019922,0.004518,0.023954
1821,-0.019438,0.004412,0.023360
1822,-0.018978,0.004311,0.022796
1823,-0.018540,0.004215,0.022258
1824,-0.018123,0.004123,0.021747
1825,-0.017727,0.004036,0.021261
1826,-0.017350,0.003953,0.020799
1827,-0.016992,0.003874,0.020359
1828,-0.016651,0.003800,0.019941
1829,-0.016326,0.003728,0.019543
1830,-0.020187,0.005011,0.023605
1831,-0.019690,0.004882,0.023029
1832,-0.019218,0.004759,0.022480
1833,-0.018769,0.004641,0.021958
1834,-0.018342,0.004530,0.021462
1835,-0.017935,0.004424,0.020990
1836,-0.017549,0.004323,0.020541
1837,-0.017181,0.004227,0.020114
1838,-0.016831,0.004135,0.019707
1839,-0.016498,0.004048,0.019321
1840,-0.020185,0.004998,0.023712
1841,-0.019689,0.004870,0.023130
1842,-0.019217,0.004748,0.022577
1843,-0.018769,0.004631,0.022051
1844,-0.018342,0.004521,0.021550
1845,-0.017936,0.004416,0.021074
1846,-0.017549,0.004316,0.020622
1847,-0.017182,0.004221,0.020191
1848,-0.016832,0.004131,0.019781
1849,-0.016500,0.004045,0.019391
1850,-0.020089,0.004802,0.024005
1851,-0.019598,0.004683,0.023410
1852,-0.019131,0.004570,0.022845
1853,-0.018686,0.004463,0.022306
1854,-0.018264,0.004361,0.021794
1855,-0.017861,0.004264,0.021308
1856,-0.017479,0.004172,0.020844
1857,-0.017115,0.004084,0.020404
1858,-0.016769,0.004000,0.019985
1859,-0.016440,0.003921,0.019586
1860,-0.020100,0.004817,0.024048
1861,-0.019608,0.004698,0.023452
1862,-0.019141,0.004584,0.022885
1863,-0.018696,0.004477,0.022346
1864,-0.018273,0.004374,0.021833
1865,-0.017870,0.004277,0.021345
1866,-0.017487,0.004184,0.020881
1867,-0.017123,0.004096,0.020440
1868,-0.016777,0.004012,0.020020
1869,-0.016447,0.003932,0.019621
1870,-0.020063,0.004742,0.024176
1871,-0.019574,0.004626,0.023575
1872,-0.019108,0.004516,0.023003
1873,-0.018665,0.004412,0.022460
1874,-0.018243,0.004312,0.021942
1875,-0.017842,0.004218,0.021450
1876,-0.017461,0.004128,0.020982
1877,-0.017098,0.004042,0.020537
1878,-0.016753,0.003961,0.020114
1879,-0.016425,0.003884,0.019711
1880,-0.020021,0.004653,0.024317
1881,-0.019533,0.004542,0.023711
1882,-0.019069,0.004436,0.023134
1883,-0.018628,0.004335,0.022585
1884,-0.018208,0.004239,0.022063
1885,-0.017809,0.004148,0.021567
1886,-0.017429,0.004061,0.021095
1887,-0.017068,0.003979,0.020645
1888,-0.016724,0.003900,0.020218
1889,-0.016397,0.003826,0.019812
1890,-0.019973,0.004555,0.024476
1891,-0.019487,0.004448,0.023863
1892,-0.019025,0.004346,0.023281
1893,-0.018586,0.004249,0.022727
1894,-0.018168,0.004157,0.022199
1895,-0.017771,0.004070,0.021698
1896,-0.017393,0.003986,0.021221
1897,-0.017033,0.003907,0.020767
1898,-0.016691,0.003832,0.020336
1899,-0.016365,0.003760,0.019925
1900,-0.020023,0.004645,0.024447
1901,-0.019535,0.004534,0.023838
1902,-0.019071,0.004427,0.023258
1903,-0.018629,0.004326,0.022706
1904,-0.018209,0.004230,0.022181
1905,-0.017810,0.004139,0.021682
1906,-0.017430,0.004052,0.021207
1907,-0.017068,0.003969,0.020756
1908,-0.016724,0.003891,0.020326
1909,-0.016397,0.003816,0.019917
1910,-0.020078,0.004744,0.024424
1911,-0.019588,0.004627,0.023816
1912,-0.019121,0.004517,0.023239
1913,-0.018677,0.004411,0.022689
1914,-0.018255,0.004311,0.022166
1915,-0.017853,0.004216,0.021669
1916,-0.017471,0.004125,0.021196
1917,-0.017108,0.004039,0.020746
1918,-0.016762,0.003957,0.020318
1919,-0.016433,0.003879,0.019911
1920,-0.020085,0.004752,0.024454
1921,-0.019594,0.004635,0.023846
1922,-0.019127,0.004524,0.023268
1923,-0.018683,0.004419,0.022719
1924,-0.018261,0.004318,0.022196
1925,-0.017859,0.004223,0.021698
1926,-0.017477,0.004132,0.021225
1927,-0.017113,0.004046,0.020775
1928,-0.016767,0.003963,0.020347
1929,-0.016438,0.003885,0.019940
1930,-0.019981,0.004550,0.024678
1931,-0.019495,0.004442,0.024061
1932,-0.019033,0.004340,0.023475
1933,-0.018593,0.004243,0.022916
1934,-0.018175,0.004151,0.022385
1935,-0.017777,0.004063,0.021880
1936,-0.017399,0.003980,0.021400
1937,-0.017039,0.003901,0.020943
1938,-0.016696,0.003825,0.020508
1939,-0.016371,0.003753,0.020094
1940,-0.019977,0.004541,0.024700
1941,-0.019491,0.004434,0.024083
1942,-0.019029,0.004332,0.023497
1943,-0.018590,0.004235,0.022939
1944,-0.018171,0.004143,0.022408
1945,-0.017774,0.004055,0.021904
1946,-0.017395,0.003972,0.021423
1947,-0.017035,0.003893,0.020967
1948,-0.016693,0.003817,0.020532
1949,-0.016367,0.003745,0.020119
1950,-0.019973,0.004533,0.024718
1951,-0.019487,0.004426,0.024102
1952,-0.019025,0.004324,0.023516
1953,-0.018586,0.004227,0.022959
1954,-0.018167,0.004135,0.022428
1955,-0.017770,0.004047,0.021924
1956,-0.017391,0.003964,0.021444
1957,-0.017032,0.003885,0.020988
1958,-0.016689,0.003809,0.020554
1959,-0.016364,0.003737,0.020141
1960,-0.019970,0.004526,0.024738
1961,-0.019484,0.004419,0.024123
1962,-0.019022,0.004317,0.023537
1963,-0.018583,0.004220,0.022980
1964,-0.018165,0.004128,0.022450
1965,-0.017767,0.004040,0.021946
1966,-0.017389,0.003957,0.021467
1967,-0.017029,0.003878,0.021011
1968,-0.016686,0.003802,0.020577
1969,-0.016361,0.003730,0.020164
1970,-0.020022,0.004625,0.024660
1971,-0.019534,0.004513,0.024050
1972,-0.019070,0.004406,0.023469
1973,-0.018628,0.004305,0.022916
1974,-0.018208,0.004209,0.022390
1975,-0.017808,0.004117,0.021890
1976,-0.017427,0.004030,0.021414
1977,-0.017066,0.003947,0.020962
1978,-0.016722,0.003868,0.020531
1979,-0.016394,0.003793,0.020122
1980,-0.019968,0.004518,0.024781
1981,-0.019482,0.004411,0.024165
1982,-0.019020,0.004309,0.023580
1983,-0.018580,0.004212,0.023023
1984,-0.018162,0.004120,0.022493
1985,-0.017764,0.004032,0.021989
1986,-0.017386,0.003949,0.021510
1987,-0.017026,0.003869,0.021054
1988,-0.016684,0.003794,0.020620
1989,-0.016358,0.003722,0.020207
1990,-0.020016,0.004611,0.024692
1991,-0.019528,0.004500,0.024082
1992,-0.019064,0.004393,0.023501
1993,-0.018622,0.004292,0.022949
1994,-0.018202,0.004196,0.022423
1995,-0.017802,0.004104,0.021924
1996,-0.017422,0.004017,0.021448
1997,-0.017060,0.003935,0.020996
1998,-0.016716,0.003856,0.020566
1999,-0.016389,0.003781,0.020157
