condition,condition_seed,damage_seed,final_hamming,auc,half_life,survived
closed_loop,0,0,0.045790,0.027104,36.2,1
closed_loop,0,1,0.036567,0.019917,6.7,1
closed_loop,0,2,0.046332,0.032319,3.1,1
closed_loop,0,3,0.029188,0.018553,4.8,1
closed_loop,0,4,0.024523,0.018244,4.1,1
closed_loop,0,5,0.030816,0.011619,5.5,1
closed_loop,0,6,0.004991,0.003659,6.6,1
closed_loop,0,7,0.029080,0.009414,13.7,1
closed_loop,1,0,0.046224,0.028312,29.5,1
closed_loop,1,1,0.033746,0.019252,5.5,1
closed_loop,1,2,0.041992,0.030272,3.9,1
closed_loop,1,3,0.026801,0.016420,5.1,1
closed_loop,1,4,0.024414,0.019744,3.9,1
closed_loop,1,5,0.032769,0.015853,4.6,1
closed_loop,1,6,0.004666,0.003030,7.2,1
closed_loop,1,7,0.023003,0.005935,11.4,1
closed_loop,2,0,0.046549,0.026414,43.5,1
closed_loop,2,1,0.035916,0.017796,5.5,1
closed_loop,2,2,0.048503,0.030683,3.8,1
closed_loop,2,3,0.022027,0.014615,5.3,1
closed_loop,2,4,0.018229,0.012792,5.9,1
closed_loop,2,5,0.035373,0.015535,3.6,1
closed_loop,2,6,0.005425,0.003214,6.8,1
closed_loop,2,7,0.021050,0.005446,14.9,1
closed_loop,3,0,0.047092,0.027409,24.8,1
closed_loop,3,1,0.035048,0.017371,6.7,1
closed_loop,3,2,0.053385,0.034728,3.5,1
closed_loop,3,3,0.027127,0.017173,5.2,1
closed_loop,3,4,0.018555,0.015111,4.7,1
closed_loop,3,5,0.031467,0.015662,3.7,1
closed_loop,3,6,0.001411,0.002271,27.5,1
closed_loop,3,7,0.019097,0.005021,13.3,1
closed_loop,4,0,0.047092,0.029053,41.8,1
closed_loop,4,1,0.036892,0.019566,25.1,1
closed_loop,4,2,0.047635,0.033041,3.8,1
closed_loop,4,3,0.025282,0.014213,5.3,1
closed_loop,4,4,0.027995,0.020529,4.5,1
closed_loop,4,5,0.034180,0.014121,6.7,1
closed_loop,4,6,0.005100,0.003339,6.5,1
closed_loop,4,7,0.024197,0.005778,13.3,1
static,0,0,0.046115,0.027583,23.6,1
static,0,1,0.028537,0.015221,6.7,1
static,0,2,0.044054,0.030477,3.6,1
static,0,3,0.019206,0.013645,6.3,1
static,0,4,0.022027,0.018439,4.2,1
static,0,5,0.032769,0.016795,3.5,1
static,0,6,0.001085,0.002039,27.8,1
static,0,7,0.023655,0.006389,11.8,1
static,1,0,0.046115,0.029118,26.5,1
static,1,1,0.037109,0.019027,6.5,1
static,1,2,0.045681,0.029333,3.9,1
static,1,3,0.030707,0.017134,4.6,1
static,1,4,0.025716,0.019878,4.0,1
static,1,5,0.033963,0.012004,6.1,1
static,1,6,0.004774,0.003091,8.5,1
static,1,7,0.021701,0.006951,19.5,1
static,2,0,0.046115,0.029040,28.6,1
static,2,1,0.035373,0.018543,7.3,1
static,2,2,0.037869,0.025092,4.1,1
static,2,3,0.024957,0.016222,4.6,1
static,2,4,0.019423,0.015884,5.2,1
static,2,5,0.025065,0.011362,4.5,1
static,2,6,0.004774,0.003321,6.4,1
static,2,7,0.026910,0.009042,25.8,1
static,3,0,0.046115,0.027243,23.4,1
static,3,1,0.037109,0.021079,6.2,1
static,3,2,0.045139,0.029332,4.2,1
static,3,3,0.014648,0.010799,5.6,1
static,3,4,0.027669,0.020275,4.8,1
static,3,5,0.035265,0.015391,5.2,1
static,3,6,0.005208,0.003833,8.2,1
static,3,7,0.025499,0.008548,12.8,1
static,4,0,0.046441,0.029612,41.2,1
static,4,1,0.039497,0.021280,6.2,1
static,4,2,0.042860,0.027498,3.8,1
static,4,3,0.025391,0.015695,5.1,1
static,4,4,0.011502,0.007469,8.9,1
static,4,5,0.031250,0.015111,4.8,1
static,4,6,0.001411,0.002830,29.2,1
static,4,7,0.020291,0.005597,27.6,1
constant,0,0,0.045464,0.028390,42.4,1
constant,0,1,0.032118,0.016947,6.9,1
constant,0,2,0.044379,0.029445,4.5,1
constant,0,3,0.020833,0.014887,4.9,1
constant,0,4,0.016059,0.014913,8.5,1
constant,0,5,0.021159,0.014026,4.7,1
constant,0,6,0.001628,0.002383,27.3,1
constant,0,7,0.030599,0.008293,29.5,1
constant,1,0,0.046115,0.026566,43.0,1
constant,1,1,0.036241,0.019336,7.0,1
constant,1,2,0.034288,0.027341,4.0,1
constant,1,3,0.032986,0.015125,5.0,1
constant,1,4,0.021701,0.011484,5.5,1
constant,1,5,0.031467,0.014339,4.3,1
constant,1,6,0.001085,0.002894,25.8,1
constant,1,7,0.027127,0.006615,12.7,1
constant,2,0,0.046007,0.027704,22.7,1
constant,2,1,0.041124,0.021912,6.5,1
constant,2,2,0.040690,0.029201,4.7,1
constant,2,3,0.021918,0.013964,5.2,1
constant,2,4,0.018229,0.012385,10.6,1
constant,2,5,0.025065,0.016724,5.5,1
constant,2,6,0.004883,0.003123,27.5,1
constant,2,7,0.028754,0.007236,12.9,1
constant,3,0,0.046115,0.028741,24.2,1
constant,3,1,0.030165,0.015668,29.9,1
constant,3,2,0.050781,0.031084,3.3,1
constant,3,3,0.015625,0.013380,7.2,1
constant,3,4,0.016602,0.014401,5.6,1
constant,3,5,0.032986,0.015029,4.2,1
constant,3,6,0.004449,0.003359,7.9,1
constant,3,7,0.031901,0.008702,10.7,1
constant,4,0,0.046115,0.028023,23.2,1
constant,4,1,0.037435,0.018565,9.5,1
constant,4,2,0.044162,0.033176,3.3,1
constant,4,3,0.020725,0.014361,5.4,1
constant,4,4,0.015408,0.013048,5.8,1
constant,4,5,0.029839,0.016589,4.2,1
constant,4,6,0.004557,0.003255,6.8,1
constant,4,7,0.029731,0.008683,12.2,1
random,0,0,0.933811,0.889578,0.0,0
random,0,1,0.948025,0.887783,0.0,0
random,0,2,0.934136,0.898287,0.0,0
random,0,3,0.834093,0.867724,0.0,0
random,0,4,0.921767,0.879978,0.0,0
random,0,5,0.944987,0.873771,0.0,0
random,0,6,0.930881,0.876822,0.0,0
random,0,7,0.944010,0.897752,0.0,0
random,1,0,0.939996,0.880384,0.0,0
random,1,1,0.214410,0.874530,0.0,0
random,1,2,0.943142,0.891408,0.0,0
random,1,3,0.931532,0.885396,0.0,0
random,1,4,0.908420,0.893783,0.0,0
random,1,5,0.932400,0.864912,0.0,0
random,1,6,0.931424,0.889628,0.0,0
random,1,7,0.937934,0.900383,0.0,0
random,2,0,0.850260,0.880067,0.0,0
random,2,1,0.944336,0.858773,0.0,0
random,2,2,0.916233,0.890603,0.0,0
random,2,3,0.905273,0.881989,0.0,0
random,2,4,0.937392,0.875270,0.0,0
random,2,5,0.934462,0.884549,0.0,0
random,2,6,0.943251,0.881422,0.0,0
random,2,7,0.944553,0.889477,0.0,0
random,3,0,0.926975,0.897182,0.0,0
random,3,1,0.936849,0.891613,0.0,0
random,3,2,0.831489,0.889637,0.0,0
random,3,3,0.927734,0.892517,0.0,0
random,3,4,0.944770,0.880034,0.0,0
random,3,5,0.929688,0.897722,0.0,0
random,3,6,0.937392,0.897152,0.0,0
random,3,7,0.941840,0.880865,0.0,0
random,4,0,0.915473,0.889369,0.0,0
random,4,1,0.694010,0.894768,0.0,0
random,4,2,0.919162,0.886271,0.0,0
random,4,3,0.906576,0.887455,0.0,0
random,4,4,0.940538,0.891933,0.0,0
random,4,5,0.922526,0.901360,0.0,0
random,4,6,0.926975,0.892406,0.0,0
random,4,7,0.939779,0.881322,0.0,0
no_modulation,0,0,0.047743,0.029156,27.8,1
no_modulation,0,1,0.037543,0.029861,4.4,1
no_modulation,0,2,0.045464,0.017719,6.2,1
no_modulation,0,3,0.035916,0.020269,5.1,1
no_modulation,0,4,0.037543,0.017891,5.6,1
no_modulation,0,5,0.031793,0.019377,5.3,1
no_modulation,0,6,0.039171,0.020483,5.5,1
no_modulation,0,7,0.031901,0.011666,6.8,1
no_modulation,1,0,0.040799,0.024535,27.8,1
no_modulation,1,1,0.031250,0.025776,4.3,1
no_modulation,1,2,0.042101,0.022903,4.0,1
no_modulation,1,3,0.020074,0.015082,7.5,1
no_modulation,1,4,0.036892,0.024699,3.7,1
no_modulation,1,5,0.016602,0.014153,7.3,1
no_modulation,1,6,0.029080,0.015084,4.4,1
no_modulation,1,7,0.012587,0.011611,7.8,1
no_modulation,2,0,0.048069,0.026769,53.7,1
no_modulation,2,1,0.037435,0.031466,3.2,1
no_modulation,2,2,0.032552,0.017985,5.9,1
no_modulation,2,3,0.030382,0.019768,6.5,1
no_modulation,2,4,0.024089,0.022265,4.3,1
no_modulation,2,5,0.027127,0.015738,6.5,1
no_modulation,2,6,0.035265,0.018656,3.2,1
no_modulation,2,7,0.031359,0.010242,6.5,1
no_modulation,3,0,0.054253,0.031660,8.1,1
no_modulation,3,1,0.037435,0.029929,3.8,1
no_modulation,3,2,0.035699,0.013676,5.9,1
no_modulation,3,3,0.036892,0.025837,3.6,1
no_modulation,3,4,0.047418,0.033557,1.5,1
no_modulation,3,5,0.022027,0.015076,23.8,1
no_modulation,3,6,0.023763,0.011592,5.5,1
no_modulation,3,7,0.037977,0.012297,6.4,1
no_modulation,4,0,0.046549,0.032345,46.2,1
no_modulation,4,1,0.039497,0.032163,5.1,1
no_modulation,4,2,0.042752,0.019198,5.1,1
no_modulation,4,3,0.034180,0.024033,4.7,1
no_modulation,4,4,0.033854,0.022113,6.5,1
no_modulation,4,5,0.017036,0.015940,7.5,1
no_modulation,4,6,0.035590,0.015030,3.5,1
no_modulation,4,7,0.035265,0.014119,6.8,1
